Coiled_coil,I1,I2_P_pcc,I3_P_pcc,I2_P_apcc,I3_P_apcc,I4
24a,0.3333333333333333,1.0,1.0,0.0,0.3333333333333333,0.3333333333333333
24b,0.3333333333333333,1.0,1.0,0.3333333333333333,0.0,0.3333333333333333
24c,0.0,1.0,1.0,0.3333333333333333,0.0,0.3333333333333333
24d,0.0,1.0,1.0,0.3333333333333333,0.0,0.3333333333333333
24e,0.0,1.0,1.0,0.3333333333333333,0.3333333333333333,0.0
24f,0.3333333333333333,1.0,1.0,0.0,0.3333333333333333,0.0
24g,0.3333333333333333,1.0,1.0,0.0,0.3333333333333333,0.0
25a,0.3333333333333333,1.0,1.0,0.0,0.0,0.3333333333333333
25b,0.0,1.0,1.0,0.3333333333333333,0.0,0.3333333333333333
25c,0.0,1.0,1.0,0.3333333333333333,0.0,0.3333333333333333
25d,0.0,1.0,1.0,0.3333333333333333,0.0,0.0
25e,0.0,1.0,1.0,0.0,0.3333333333333333,0.0
25f,0.3333333333333333,1.0,1.0,0.0,0.3333333333333333,0.0
25g,0.3333333333333333,1.0,1.0,0.0,0.3333333333333333,0.0
26a,0.3333333333333333,1.0,1.0,0.3333333333333333,0.0,0.3333333333333333
26b,0.0,1.0,1.0,0.3333333333333333,0.0,0.3333333333333333
26c,0.0,1.0,1.0,0.3333333333333333,0.0,0.3333333333333333
26d,0.0,1.0,1.0,0.3333333333333333,0.3333333333333333,0.0
26e,0.3333333333333333,1.0,1.0,0.0,0.3333333333333333,0.0
26f,0.3333333333333333,1.0,1.0,0.0,0.3333333333333333,0.0
26g,0.3333333333333333,1.0,1.0,0.0,0.3333333333333333,0.3333333333333333
27a,0.0,1.0,1.0,0.3333333333333333,0.0,0.3333333333333333
27b,0.0,1.0,1.0,0.3333333333333333,0.0,0.3333333333333333
27c,0.0,1.0,1.0,0.3333333333333333,0.0,0.0
27d,0.0,1.0,1.0,0.0,0.3333333333333333,0.0
27e,0.3333333333333333,1.0,1.0,0.0,0.3333333333333333,0.0
27f,0.3333333333333333,1.0,1.0,0.0,0.3333333333333333,0.0
27g,0.3333333333333333,1.0,1.0,0.0,0.0,0.3333333333333333
28a,0.0,1.0,1.0,0.3333333333333333,0.0,0.3333333333333333
28b,0.0,1.0,1.0,0.3333333333333333,0.0,0.3333333333333333
28c,0.0,1.0,1.0,0.3333333333333333,0.3333333333333333,0.0
28d,0.3333333333333333,1.0,1.0,0.0,0.3333333333333333,0.0
28e,0.3333333333333333,1.0,1.0,0.0,0.3333333333333333,0.0
28f,0.3333333333333333,1.0,1.0,0.0,0.3333333333333333,0.3333333333333333
28g,0.3333333333333333,1.0,1.0,0.3333333333333333,0.0,0.3333333333333333
